{
  "timestamp": "2025-08-08T15:58:08.082430",
  "total_checks": 18,
  "passed_checks": 14,
  "failed_checks": 1,
  "warnings": 3,
  "success_rate": 77.77777777777779,
  "system_ready": false
}