{
  "analysis_time": "2025-08-11T08:29:24.681764",
  "total_coins": 438,
  "high_confidence_coins": 438,
  "strong_buy_opportunities": 106,
  "whale_activity_coins": 131,
  "top_recommendation": {
    "coin": "GRASS",
    "expected_return": 14.626740116626264,
    "confidence": 0.9019535881311008
  }
}